,year,Team,3PAPG,3PA,3P,3P%
0,1990,Golden State Warriors,9.146341463414634,750,243,0.324
1,1990,Phoenix Suns,6.621951219512195,543,176,0.324
2,1990,Denver Nuggets,8.25609756097561,677,228,0.337
3,1990,Portland Trail Blazers,6.890243902439025,565,190,0.336
4,1990,Orlando Magic,4.7926829268292686,393,116,0.295
5,1990,Los Angeles Lakers,10.25609756097561,841,309,0.36700000000000005
6,1990,Philadelphia 76ers,6.621951219512195,543,189,0.348
7,1990,Boston Celtics,4.926829268292683,404,106,0.262
8,1990,Chicago Bulls,8.158536585365853,669,250,0.374
9,1990,Indiana Pacers,9.390243902439025,770,294,0.382
10,1990,Atlanta Hawks,5.012195121951219,411,124,0.302
11,1990,New York Knicks,8.658536585365853,710,236,0.332
12,1990,Washington Wizards,2.402439024390244,197,37,0.188
13,1990,Oklahoma City Thunder,7.926829268292683,650,231,0.355
14,1990,Utah Jazz,7.682926829268292,630,226,0.359
15,1990,Houston Rockets,5.987804878048781,491,153,0.312
16,1990,San Antonio Spurs,2.7560975609756095,226,54,0.239
17,1990,Milwaukee Bucks,8.170731707317072,670,209,0.312
18,1990,Detroit Pistons,6.597560975609756,541,177,0.327
19,1990,Los Angeles Clippers,2.8048780487804876,230,56,0.243
20,1990,Cleveland Cavaliers,10.378048780487806,851,346,0.40700000000000003
21,1990,Dallas Mavericks,5.926829268292683,486,157,0.32299999999999995
22,1990,Sacramento Kings,7.914634146341464,649,216,0.33299999999999996
23,1990,Miami Heat,3.658536585365854,300,88,0.293
24,1990,Charlotte Hornets,7.451219512195122,611,205,0.336
25,1990,Brooklyn Nets,6.170731707317073,506,140,0.27699999999999997
26,1990,Minnesota Timberwolves,3.5853658536585367,294,73,0.248
27,1990,League Average,6.597560975609756,541,179,0.331
0,1991,Denver Nuggets,12.914634146341463,1059,300,0.28300000000000003
1,1991,Golden State Warriors,9.768292682926829,801,270,0.337
2,1991,Portland Trail Blazers,11.024390243902438,904,341,0.377
3,1991,Phoenix Suns,5.2682926829268295,432,138,0.319
4,1991,Indiana Pacers,9.134146341463415,749,249,0.332
5,1991,Boston Celtics,4.219512195121951,346,109,0.315
6,1991,Chicago Bulls,5.170731707317073,424,155,0.366
7,1991,Atlanta Hawks,10.195121951219512,836,271,0.324
8,1991,San Antonio Spurs,3.6219512195121952,297,81,0.273
9,1991,Houston Rockets,12.060975609756097,989,316,0.32
10,1991,Oklahoma City Thunder,5.2073170731707314,427,136,0.319
11,1991,Milwaukee Bucks,9.182926829268293,753,257,0.341
12,1991,Los Angeles Lakers,9.073170731707316,744,226,0.304
13,1991,Orlando Magic,9.195121951219512,754,270,0.358
14,1991,Philadelphia 76ers,7.536585365853658,618,195,0.316
15,1991,Utah Jazz,5.585365853658536,458,148,0.32299999999999995
16,1991,Los Angeles Clippers,5.2926829268292686,434,113,0.26
17,1991,New York Knicks,6.804878048780488,558,185,0.332
18,1991,Brooklyn Nets,7.146341463414634,586,161,0.275
19,1991,Charlotte Hornets,5.085365853658536,417,131,0.314
20,1991,Miami Heat,5.658536585365853,464,140,0.302
21,1991,Cleveland Cavaliers,5.841463414634147,479,160,0.33399999999999996
22,1991,Washington Wizards,3.4634146341463414,284,55,0.19399999999999998
23,1991,Detroit Pistons,5.365853658536586,440,131,0.298
24,1991,Dallas Mavericks,7.317073170731708,600,193,0.322
25,1991,Minnesota Timberwolves,4.646341463414634,381,108,0.28300000000000003
26,1991,Sacramento Kings,7.048780487804878,578,216,0.374
27,1991,League Average,7.146341463414634,586,187,0.32
0,1992,Golden State Warriors,9.304878048780488,763,254,0.33299999999999996
1,1992,Indiana Pacers,11.463414634146341,940,333,0.354
2,1992,Phoenix Suns,7.2682926829268295,596,227,0.381
3,1992,Portland Trail Blazers,11.512195121951219,944,325,0.344
4,1992,Chicago Bulls,5.536585365853658,454,138,0.304
5,1992,Charlotte Hornets,4.5,369,117,0.317
6,1992,Cleveland Cavaliers,8.634146341463415,708,253,0.35700000000000004
7,1992,Utah Jazz,5.585365853658536,458,158,0.345
8,1992,Boston Celtics,4.378048780487805,359,110,0.306
9,1992,Oklahoma City Thunder,7.890243902439025,647,205,0.317
10,1992,Atlanta Hawks,8.182926829268293,671,210,0.313
11,1992,Brooklyn Nets,8.170731707317072,670,224,0.33399999999999996
12,1992,Milwaukee Bucks,12.25609756097561,1005,371,0.369
13,1992,Miami Heat,9.158536585365853,751,257,0.342
14,1992,Sacramento Kings,8.231707317073171,675,238,0.353
15,1992,San Antonio Spurs,4.926829268292683,404,118,0.292
16,1992,Los Angeles Clippers,6.121951219512195,502,145,0.289
17,1992,Washington Wizards,6.548780487804878,537,146,0.272
18,1992,Houston Rockets,11.695121951219512,959,329,0.34299999999999997
19,1992,Philadelphia 76ers,8.292682926829269,680,227,0.33399999999999996
20,1992,Orlando Magic,7.414634146341464,608,197,0.324
21,1992,New York Knicks,7.536585365853658,618,201,0.325
22,1992,Minnesota Timberwolves,4.804878048780488,394,126,0.32
23,1992,Los Angeles Lakers,5.426829268292683,445,119,0.267
24,1992,Denver Nuggets,5.097560975609756,418,126,0.301
25,1992,Detroit Pistons,6.414634146341464,526,165,0.314
26,1992,Dallas Mavericks,9.71951219512195,797,268,0.336
27,1992,League Average,7.634146341463414,626,207,0.331
0,1993,Phoenix Suns,13.353658536585366,1095,398,0.363
1,1993,Charlotte Hornets,6.548780487804878,537,175,0.326
2,1993,Golden State Warriors,10.390243902439025,852,298,0.35
3,1993,Portland Trail Blazers,10.28048780487805,843,275,0.326
4,1993,Oklahoma City Thunder,7.439024390243903,610,218,0.35700000000000004
5,1993,Sacramento Kings,9.609756097560975,788,262,0.332
6,1993,Indiana Pacers,9.621951219512194,789,257,0.326
7,1993,Cleveland Cavaliers,9.048780487804878,742,283,0.381
8,1993,Atlanta Hawks,13.121951219512194,1076,382,0.355
9,1993,Los Angeles Clippers,5.987804878048781,491,133,0.271
10,1993,Utah Jazz,5.048780487804878,414,130,0.314
11,1993,San Antonio Spurs,8.439024390243903,692,236,0.341
12,1993,Orlando Magic,10.841463414634147,889,317,0.35700000000000004
13,1993,Denver Nuggets,5.536585365853658,454,138,0.304
14,1993,Chicago Bulls,8.158536585365853,669,244,0.365
15,1993,Philadelphia 76ers,11.475609756097562,941,330,0.35100000000000003
16,1993,Los Angeles Lakers,7.634146341463414,626,187,0.299
17,1993,Houston Rockets,13.085365853658537,1073,387,0.361
18,1993,Boston Celtics,4.670731707317073,383,110,0.287
19,1993,Miami Heat,11.463414634146341,940,333,0.354
20,1993,Brooklyn Nets,5.951219512195122,488,155,0.318
21,1993,Milwaukee Bucks,11.414634146341463,936,312,0.33299999999999996
22,1993,Washington Wizards,7.048780487804878,578,174,0.301
23,1993,New York Knicks,7.365853658536586,604,193,0.32
24,1993,Detroit Pistons,11.073170731707316,908,292,0.322
25,1993,Dallas Mavericks,10.207317073170731,837,283,0.33799999999999997
26,1993,Minnesota Timberwolves,6.939024390243903,569,166,0.292
27,1993,League Average,8.951219512195122,734,247,0.336
0,1994,Phoenix Suns,12.707317073170731,1042,344,0.33
1,1994,Golden State Warriors,10.475609756097562,859,291,0.33899999999999997
2,1994,Portland Trail Blazers,9.390243902439025,770,272,0.353
3,1994,Charlotte Hornets,11.170731707317072,916,336,0.36700000000000005
4,1994,Oklahoma City Thunder,8.804878048780488,722,242,0.335
5,1994,Orlando Magic,13.865853658536585,1137,394,0.34700000000000003
6,1994,Miami Heat,12.158536585365853,997,337,0.33799999999999997
7,1994,Brooklyn Nets,8.329268292682928,683,223,0.327
8,1994,Los Angeles Clippers,10.134146341463415,831,252,0.303
9,1994,Utah Jazz,6.817073170731708,559,179,0.32
10,1994,Atlanta Hawks,10.121951219512194,830,268,0.32299999999999995
11,1994,Cleveland Cavaliers,9.914634146341463,813,294,0.36200000000000004
12,1994,Houston Rockets,15.670731707317072,1285,429,0.33399999999999996
13,1994,Sacramento Kings,8.890243902439025,729,257,0.353
14,1994,Indiana Pacers,6.097560975609756,500,184,0.368
15,1994,Boston Celtics,5.817073170731708,477,138,0.289
16,1994,Washington Wizards,9.073170731707316,744,221,0.297
17,1994,Los Angeles Lakers,9.792682926829269,803,241,0.3
18,1994,Denver Nuggets,7.280487804878049,597,170,0.285
19,1994,San Antonio Spurs,8.707317073170731,714,249,0.349
20,1994,New York Knicks,11.073170731707316,908,316,0.348
21,1994,Chicago Bulls,8.036585365853659,659,233,0.354
22,1994,Philadelphia 76ers,11.487804878048781,942,318,0.33799999999999997
23,1994,Detroit Pistons,12.695121951219512,1041,358,0.344
24,1994,Milwaukee Bucks,12.426829268292684,1019,331,0.325
25,1994,Minnesota Timberwolves,6.7926829268292686,557,183,0.32899999999999996
26,1994,Dallas Mavericks,9.426829268292684,773,241,0.312
27,1994,League Average,9.890243902439025,811,270,0.33299999999999996
0,1995,Orlando Magic,17.21951219512195,1412,523,0.37
1,1995,Phoenix Suns,19.317073170731707,1584,584,0.369
2,1995,Oklahoma City Thunder,15.914634146341463,1305,491,0.376
3,1995,San Antonio Spurs,14.121951219512194,1158,434,0.375
4,1995,Utah Jazz,9.768292682926829,801,301,0.376
5,1995,Golden State Warriors,19.536585365853657,1602,546,0.341
6,1995,Los Angeles Lakers,18.195121951219512,1492,525,0.35200000000000004
7,1995,Houston Rockets,21.426829268292682,1757,646,0.368
8,1995,Dallas Mavericks,14.634146341463415,1200,386,0.322
9,1995,Portland Trail Blazers,15.439024390243903,1266,462,0.365
10,1995,Boston Celtics,12.0,984,362,0.368
11,1995,Chicago Bulls,14.475609756097562,1187,443,0.373
12,1995,Denver Nuggets,14.146341463414634,1160,413,0.35600000000000004
13,1995,Miami Heat,14.414634146341463,1182,436,0.369
14,1995,Charlotte Hornets,17.182926829268293,1409,560,0.397
15,1995,Washington Wizards,15.414634146341463,1264,433,0.34299999999999997
16,1995,Milwaukee Bucks,16.451219512195124,1349,494,0.366
17,1995,Indiana Pacers,12.012195121951219,985,374,0.38
18,1995,New York Knicks,17.634146341463413,1446,532,0.368
19,1995,Detroit Pistons,17.024390243902438,1396,494,0.354
20,1995,Sacramento Kings,12.646341463414634,1037,359,0.34600000000000003
21,1995,Brooklyn Nets,15.817073170731707,1297,414,0.319
22,1995,Los Angeles Clippers,12.817073170731707,1051,331,0.315
23,1995,Atlanta Hawks,19.26829268292683,1580,539,0.341
24,1995,Philadelphia 76ers,11.414634146341463,936,355,0.379
25,1995,Minnesota Timberwolves,12.390243902439025,1016,318,0.313
26,1995,Cleveland Cavaliers,12.597560975609756,1033,398,0.385
27,1995,League Average,15.304878048780488,1255,450,0.359
0,1996,Chicago Bulls,16.451219512195124,1349,544,0.40299999999999997
1,1996,Orlando Magic,20.0609756097561,1645,622,0.37799999999999995
2,1996,Oklahoma City Thunder,19.463414634146343,1596,581,0.364
3,1996,Phoenix Suns,12.0,984,327,0.332
4,1996,Boston Celtics,17.71951219512195,1453,539,0.371
5,1996,San Antonio Spurs,16.097560975609756,1320,518,0.392
6,1996,Los Angeles Lakers,16.573170731707318,1359,477,0.35100000000000003
7,1996,Charlotte Hornets,18.536585365853657,1520,584,0.384
8,1996,Houston Rockets,21.475609756097562,1761,637,0.36200000000000004
9,1996,Washington Wizards,14.78048780487805,1212,493,0.40700000000000003
10,1996,Dallas Mavericks,24.865853658536587,2039,735,0.36
11,1996,Utah Jazz,12.353658536585366,1013,377,0.37200000000000005
12,1996,Golden State Warriors,14.621951219512194,1199,447,0.373
13,1996,Sacramento Kings,14.560975609756097,1194,462,0.387
14,1996,Los Angeles Clippers,16.75609756097561,1374,509,0.37
15,1996,Indiana Pacers,11.865853658536585,973,363,0.373
16,1996,Portland Trail Blazers,16.5609756097561,1358,480,0.353
17,1996,Atlanta Hawks,19.451219512195124,1595,566,0.355
18,1996,Minnesota Timberwolves,10.451219512195122,857,279,0.326
19,1996,Denver Nuggets,14.0,1148,397,0.34600000000000003
20,1996,Toronto Raptors,14.24390243902439,1168,414,0.354
21,1996,New York Knicks,15.670731707317072,1285,485,0.377
22,1996,Miami Heat,17.78048780487805,1458,552,0.379
23,1996,Milwaukee Bucks,12.878048780487806,1056,357,0.33799999999999997
24,1996,Detroit Pistons,16.463414634146343,1350,545,0.40399999999999997
25,1996,Philadelphia 76ers,17.536585365853657,1438,492,0.342
26,1996,Brooklyn Nets,9.097560975609756,746,250,0.335
27,1996,Cleveland Cavaliers,19.29268292682927,1582,596,0.377
28,1996,Memphis Grizzlies,13.768292682926829,1129,372,0.32899999999999996
29,1996,League Average,16.048780487804876,1316,483,0.36700000000000005
0,1997,Chicago Bulls,17.109756097560975,1403,523,0.373
1,1997,Utah Jazz,11.0,902,334,0.37
2,1997,Phoenix Suns,17.414634146341463,1428,527,0.369
3,1997,Oklahoma City Thunder,19.304878048780488,1583,559,0.353
4,1997,Houston Rockets,22.426829268292682,1839,671,0.365
5,1997,Boston Celtics,16.23170731707317,1331,467,0.35100000000000003
6,1997,Philadelphia 76ers,16.536585365853657,1356,433,0.319
7,1997,Los Angeles Lakers,18.29268292682927,1500,551,0.36700000000000005
8,1997,Golden State Warriors,16.621951219512194,1363,481,0.353
9,1997,Washington Wizards,12.207317073170731,1001,331,0.331
10,1997,Portland Trail Blazers,17.085365853658537,1401,501,0.358
11,1997,Charlotte Hornets,16.853658536585368,1382,591,0.428
12,1997,Denver Nuggets,20.865853658536587,1711,636,0.37200000000000005
13,1997,Los Angeles Clippers,16.329268292682926,1339,474,0.354
14,1997,Brooklyn Nets,16.71951219512195,1371,484,0.353
15,1997,Sacramento Kings,12.902439024390244,1058,414,0.391
16,1997,Minnesota Timberwolves,13.329268292682928,1093,371,0.33899999999999997
17,1997,Toronto Raptors,19.804878048780488,1624,589,0.363
18,1997,New York Knicks,15.78048780487805,1294,470,0.363
19,1997,Indiana Pacers,13.78048780487805,1130,430,0.381
20,1997,Milwaukee Bucks,11.21951219512195,920,324,0.35200000000000004
21,1997,Miami Heat,22.74390243902439,1865,678,0.364
22,1997,Atlanta Hawks,22.365853658536587,1834,659,0.359
23,1997,Detroit Pistons,18.28048780487805,1499,582,0.38799999999999996
24,1997,Orlando Magic,20.26829268292683,1662,567,0.341
25,1997,Dallas Mavericks,16.048780487804876,1316,430,0.327
26,1997,San Antonio Spurs,14.390243902439025,1180,378,0.32
27,1997,Memphis Grizzlies,15.536585365853659,1274,445,0.349
28,1997,Cleveland Cavaliers,15.658536585365853,1284,483,0.376
29,1997,League Average,16.79268292682927,1377,496,0.36
0,1998,Los Angeles Lakers,17.25609756097561,1415,497,0.35100000000000003
1,1998,Minnesota Timberwolves,10.646341463414634,873,303,0.34700000000000003
2,1998,Utah Jazz,8.170731707317072,670,249,0.37200000000000005
3,1998,Oklahoma City Thunder,19.134146341463413,1569,621,0.396
4,1998,Brooklyn Nets,11.426829268292684,937,310,0.331
5,1998,Phoenix Suns,14.768292682926829,1211,431,0.35600000000000004
6,1998,Houston Rockets,20.365853658536587,1670,573,0.34299999999999997
7,1998,Washington Wizards,11.512195121951219,944,320,0.33899999999999997
8,1998,Chicago Bulls,11.731707317073171,962,311,0.32299999999999995
9,1998,Charlotte Hornets,11.024390243902438,904,346,0.38299999999999995
10,1998,Memphis Grizzlies,10.951219512195122,898,325,0.36200000000000004
11,1998,Indiana Pacers,12.548780487804878,1029,401,0.39
12,1998,Atlanta Hawks,12.390243902439025,1016,337,0.332
13,1998,Los Angeles Clippers,17.902439024390244,1468,525,0.358
14,1998,Boston Celtics,15.231707317073171,1249,415,0.332
15,1998,Miami Heat,18.829268292682926,1544,548,0.355
16,1998,Toronto Raptors,13.24390243902439,1086,372,0.34299999999999997
17,1998,Milwaukee Bucks,8.573170731707316,703,249,0.354
18,1998,Portland Trail Blazers,12.768292682926829,1047,324,0.309
19,1998,Detroit Pistons,11.439024390243903,938,293,0.312
20,1998,Philadelphia 76ers,9.878048780487806,810,243,0.3
21,1998,Sacramento Kings,9.829268292682928,806,283,0.35100000000000003
22,1998,Cleveland Cavaliers,9.768292682926829,801,298,0.37200000000000005
23,1998,San Antonio Spurs,10.524390243902438,863,302,0.35
24,1998,New York Knicks,13.890243902439025,1139,382,0.335
25,1998,Dallas Mavericks,14.426829268292684,1183,422,0.35700000000000004
26,1998,Orlando Magic,11.060975609756097,907,293,0.32299999999999995
27,1998,Denver Nuggets,10.890243902439025,893,288,0.32299999999999995
28,1998,Golden State Warriors,8.487804878048781,696,189,0.272
29,1998,League Average,12.707317073170731,1042,360,0.34600000000000003
0,1999,Sacramento Kings,18.86,943,290,0.308
1,1999,Los Angeles Lakers,13.7,685,241,0.35200000000000004
2,1999,Phoenix Suns,14.04,702,261,0.37200000000000005
3,1999,Oklahoma City Thunder,17.98,899,309,0.344
4,1999,Portland Trail Blazers,13.5,675,246,0.364
5,1999,Indiana Pacers,15.98,799,294,0.368
6,1999,Houston Rockets,18.28,914,336,0.368
7,1999,Denver Nuggets,18.44,922,302,0.32799999999999996
8,1999,Utah Jazz,7.76,388,140,0.361
9,1999,Boston Celtics,15.16,758,273,0.36
10,1999,Minnesota Timberwolves,8.2,410,122,0.298
11,1999,Charlotte Hornets,14.7,735,268,0.365
12,1999,San Antonio Spurs,10.42,521,172,0.33
13,1999,Milwaukee Bucks,12.38,619,231,0.373
14,1999,Dallas Mavericks,11.9,595,202,0.33899999999999997
15,1999,Brooklyn Nets,13.58,679,225,0.331
16,1999,Washington Wizards,11.6,580,179,0.309
17,1999,Toronto Raptors,13.24,662,226,0.341
18,1999,Los Angeles Clippers,13.36,668,214,0.32
19,1999,Detroit Pistons,13.58,679,248,0.365
20,1999,Philadelphia 76ers,7.42,371,98,0.264
21,1999,Orlando Magic,13.5,675,223,0.33
22,1999,Miami Heat,16.08,804,289,0.359
23,1999,Memphis Grizzlies,9.06,453,148,0.327
24,1999,Golden State Warriors,11.3,565,162,0.287
25,1999,Cleveland Cavaliers,10.68,534,182,0.341
26,1999,New York Knicks,11.78,589,208,0.353
27,1999,Atlanta Hawks,12.88,644,197,0.306
28,1999,Chicago Bulls,12.24,612,177,0.289
29,1999,League Average,13.16,658,223,0.33899999999999997
0,2000,Sacramento Kings,20.195121951219512,1656,534,0.322
1,2000,Detroit Pistons,14.914634146341463,1223,439,0.359
2,2000,Dallas Mavericks,16.170731707317074,1326,519,0.391
3,2000,Indiana Pacers,18.134146341463413,1487,583,0.392
4,2000,Milwaukee Bucks,13.036585365853659,1069,394,0.369
5,2000,Los Angeles Lakers,12.768292682926829,1047,344,0.32899999999999996
6,2000,Orlando Magic,10.609756097560975,870,294,0.33799999999999997
7,2000,Houston Rockets,19.817073170731707,1625,581,0.358
8,2000,Boston Celtics,15.365853658536585,1260,417,0.331
9,2000,Oklahoma City Thunder,19.646341463414632,1611,546,0.33899999999999997
10,2000,Denver Nuggets,17.036585365853657,1397,470,0.336
11,2000,Phoenix Suns,15.195121951219512,1246,458,0.368
12,2000,Minnesota Timberwolves,8.731707317073171,716,248,0.34600000000000003
13,2000,Charlotte Hornets,12.207317073170731,1001,339,0.33899999999999997
14,2000,Brooklyn Nets,16.75609756097561,1374,477,0.34700000000000003
15,2000,Portland Trail Blazers,13.75609756097561,1128,407,0.361
16,2000,Toronto Raptors,14.28048780487805,1171,425,0.363
17,2000,Cleveland Cavaliers,11.207317073170731,919,343,0.373
18,2000,Washington Wizards,10.853658536585366,890,335,0.376
19,2000,Utah Jazz,10.414634146341463,854,329,0.385
20,2000,San Antonio Spurs,10.75609756097561,882,330,0.374
21,2000,Golden State Warriors,13.036585365853659,1069,345,0.32299999999999995
22,2000,Philadelphia 76ers,7.841463414634147,643,208,0.32299999999999995
23,2000,Miami Heat,14.658536585365853,1202,446,0.371
24,2000,Atlanta Hawks,9.926829268292684,814,258,0.317
25,2000,Memphis Grizzlies,10.951219512195122,898,324,0.361
26,2000,New York Knicks,11.426829268292684,937,351,0.375
27,2000,Los Angeles Clippers,15.451219512195122,1267,429,0.33899999999999997
28,2000,Chicago Bulls,12.585365853658537,1032,340,0.32899999999999996
29,2000,League Average,13.71951219512195,1125,397,0.353
0,2001,Sacramento Kings,16.5,1353,479,0.354
1,2001,Milwaukee Bucks,18.0609756097561,1481,562,0.379
2,2001,Los Angeles Lakers,15.548780487804878,1275,439,0.344
3,2001,Dallas Mavericks,16.548780487804876,1357,517,0.381
4,2001,Toronto Raptors,14.195121951219512,1164,429,0.369
5,2001,Orlando Magic,16.414634146341463,1346,490,0.364
6,2001,Minnesota Timberwolves,10.987804878048781,901,322,0.35700000000000004
7,2001,Oklahoma City Thunder,14.25609756097561,1169,466,0.39899999999999997
8,2001,Houston Rockets,17.21951219512195,1412,504,0.35700000000000004
9,2001,Utah Jazz,10.390243902439025,852,325,0.381
10,2001,Denver Nuggets,17.609756097560975,1444,512,0.355
11,2001,San Antonio Spurs,13.341463414634147,1094,445,0.40700000000000003
12,2001,Detroit Pistons,13.560975609756097,1112,389,0.35
13,2001,Portland Trail Blazers,12.890243902439025,1057,369,0.349
14,2001,Philadelphia 76ers,9.792682926829269,803,262,0.326
15,2001,Boston Celtics,19.914634146341463,1633,592,0.363
16,2001,Phoenix Suns,12.853658536585366,1054,332,0.315
17,2001,Washington Wizards,10.341463414634147,848,275,0.324
18,2001,Indiana Pacers,14.134146341463415,1159,396,0.342
19,2001,Golden State Warriors,11.75609756097561,964,282,0.293
20,2001,Los Angeles Clippers,12.963414634146341,1063,360,0.33899999999999997
21,2001,Cleveland Cavaliers,8.036585365853659,659,220,0.33399999999999996
22,2001,Brooklyn Nets,13.21951219512195,1084,361,0.33299999999999996
23,2001,Charlotte Hornets,12.0,984,340,0.34600000000000003
24,2001,Memphis Grizzlies,11.548780487804878,947,325,0.34299999999999997
25,2001,Atlanta Hawks,11.378048780487806,933,333,0.35700000000000004
26,2001,Miami Heat,16.878048780487806,1384,478,0.345
27,2001,New York Knicks,13.597560975609756,1115,391,0.35100000000000003
28,2001,Chicago Bulls,11.585365853658537,950,329,0.34600000000000003
29,2001,League Average,13.707317073170731,1124,397,0.354
0,2002,Dallas Mavericks,20.0609756097561,1645,621,0.37799999999999995
1,2002,Sacramento Kings,14.146341463414634,1160,426,0.36700000000000005
2,2002,Los Angeles Lakers,17.548780487804876,1439,510,0.354
3,2002,Orlando Magic,20.24390243902439,1660,620,0.373
4,2002,Minnesota Timberwolves,12.768292682926829,1047,396,0.37799999999999995
5,2002,Oklahoma City Thunder,15.75609756097561,1292,489,0.37799999999999995
6,2002,Golden State Warriors,12.121951219512194,994,320,0.322
7,2002,Milwaukee Bucks,19.304878048780488,1583,593,0.375
8,2002,Indiana Pacers,14.573170731707316,1195,405,0.33899999999999997
9,2002,San Antonio Spurs,14.768292682926829,1211,438,0.36200000000000004
10,2002,Portland Trail Blazers,16.073170731707318,1318,466,0.354
11,2002,Boston Celtics,23.73170731707317,1946,699,0.359
12,2002,Brooklyn Nets,14.560975609756097,1194,403,0.33799999999999997
13,2002,Utah Jazz,10.268292682926829,842,280,0.33299999999999996
14,2002,Los Angeles Clippers,13.987804878048781,1147,408,0.35600000000000004
15,2002,Cleveland Cavaliers,12.512195121951219,1026,387,0.377
16,2002,Phoenix Suns,13.365853658536585,1096,358,0.327
17,2002,Detroit Pistons,18.402439024390244,1509,567,0.376
18,2002,Atlanta Hawks,14.560975609756097,1194,423,0.354
19,2002,Charlotte Hornets,12.121951219512194,994,346,0.348
20,2002,Washington Wizards,9.585365853658537,786,305,0.38799999999999996
21,2002,Houston Rockets,18.048780487804876,1480,496,0.335
22,2002,Denver Nuggets,15.670731707317072,1285,423,0.32899999999999996
23,2002,New York Knicks,16.390243902439025,1344,474,0.353
24,2002,Toronto Raptors,13.524390243902438,1109,387,0.349
25,2002,Philadelphia 76ers,8.71951219512195,715,214,0.299
26,2002,Memphis Grizzlies,13.365853658536585,1096,336,0.307
27,2002,Chicago Bulls,10.585365853658537,868,300,0.34600000000000003
28,2002,Miami Heat,10.963414634146341,899,312,0.34700000000000003
29,2002,League Average,14.74390243902439,1209,428,0.354
0,2003,Dallas Mavericks,20.341463414634145,1668,636,0.381
1,2003,Golden State Warriors,15.060975609756097,1235,425,0.344
2,2003,Sacramento Kings,15.707317073170731,1288,491,0.381
3,2003,Los Angeles Lakers,16.670731707317074,1367,486,0.35600000000000004
4,2003,Milwaukee Bucks,18.609756097560975,1526,585,0.38299999999999995
5,2003,Orlando Magic,19.390243902439025,1590,568,0.35700000000000004
6,2003,Minnesota Timberwolves,9.804878048780488,804,296,0.368
7,2003,Memphis Grizzlies,15.597560975609756,1279,467,0.365
8,2003,Indiana Pacers,13.646341463414634,1119,379,0.33899999999999997
9,2003,Philadelphia 76ers,9.597560975609756,787,245,0.311
10,2003,New York Knicks,19.29268292682927,1582,606,0.38299999999999995
11,2003,San Antonio Spurs,15.487804878048781,1270,449,0.354
12,2003,Phoenix Suns,14.012195121951219,1149,394,0.34299999999999997
13,2003,Brooklyn Nets,12.695121951219512,1041,346,0.332
14,2003,Portland Trail Blazers,14.024390243902438,1150,379,0.33
15,2003,Chicago Bulls,12.158536585365853,997,349,0.35
16,2003,Utah Jazz,7.817073170731708,641,224,0.349
17,2003,Atlanta Hawks,13.914634146341463,1141,402,0.35200000000000004
18,2003,New Orleans Pelicans,13.109756097560975,1075,404,0.376
19,2003,Los Angeles Clippers,14.365853658536585,1178,390,0.331
20,2003,Houston Rockets,15.451219512195122,1267,439,0.34600000000000003
21,2003,Boston Celtics,26.28048780487805,2155,719,0.33399999999999996
22,2003,Oklahoma City Thunder,15.74390243902439,1291,456,0.353
23,2003,Washington Wizards,9.890243902439025,811,253,0.312
24,2003,Cleveland Cavaliers,10.926829268292684,896,293,0.327
25,2003,Detroit Pistons,18.146341463414632,1488,533,0.358
26,2003,Toronto Raptors,14.548780487804878,1193,409,0.34299999999999997
27,2003,Miami Heat,13.414634146341463,1100,348,0.316
28,2003,Denver Nuggets,10.048780487804878,824,229,0.278
29,2003,League Average,14.682926829268293,1204,421,0.349
0,2004,Dallas Mavericks,17.75609756097561,1456,507,0.348
1,2004,Sacramento Kings,18.26829268292683,1498,601,0.401
2,2004,Los Angeles Lakers,13.597560975609756,1115,365,0.327
3,2004,Milwaukee Bucks,13.963414634146341,1145,401,0.35
4,2004,Denver Nuggets,12.012195121951219,985,331,0.336
5,2004,Oklahoma City Thunder,23.609756097560975,1936,723,0.373
6,2004,Memphis Grizzlies,16.024390243902438,1314,447,0.34
7,2004,Boston Celtics,19.5,1599,553,0.34600000000000003
8,2004,Los Angeles Clippers,12.487804878048781,1024,329,0.321
9,2004,Minnesota Timberwolves,10.939024390243903,897,326,0.363
10,2004,Phoenix Suns,14.658536585365853,1202,415,0.345
11,2004,Orlando Magic,15.21951219512195,1248,429,0.344
12,2004,Golden State Warriors,15.646341463414634,1283,429,0.33399999999999996
13,2004,Cleveland Cavaliers,9.585365853658537,786,247,0.314
14,2004,Atlanta Hawks,15.231707317073171,1249,419,0.335
15,2004,New York Knicks,13.597560975609756,1115,406,0.364
16,2004,Washington Wizards,15.475609756097562,1269,433,0.341
17,2004,New Orleans Pelicans,20.317073170731707,1666,531,0.319
18,2004,San Antonio Spurs,13.902439024390244,1140,408,0.358
19,2004,Indiana Pacers,15.621951219512194,1281,449,0.35100000000000003
20,2004,Portland Trail Blazers,13.439024390243903,1102,381,0.34600000000000003
21,2004,Brooklyn Nets,13.695121951219512,1123,377,0.336
22,2004,Miami Heat,16.548780487804876,1357,485,0.35700000000000004
23,2004,Detroit Pistons,11.804878048780488,968,333,0.344
24,2004,Houston Rockets,17.146341463414632,1406,515,0.366
25,2004,Chicago Bulls,15.317073170731707,1256,429,0.342
26,2004,Utah Jazz,9.585365853658537,786,252,0.321
27,2004,Philadelphia 76ers,12.097560975609756,992,339,0.342
28,2004,Toronto Raptors,15.78048780487805,1294,461,0.35600000000000004
29,2004,League Average,14.926829268292684,1224,425,0.34700000000000003
0,2005,Phoenix Suns,24.70731707317073,2026,796,0.39299999999999996
1,2005,Sacramento Kings,17.024390243902438,1396,522,0.374
2,2005,Dallas Mavericks,15.524390243902438,1273,463,0.364
3,2005,Miami Heat,15.365853658536585,1260,475,0.377
4,2005,Boston Celtics,15.268292682926829,1252,437,0.349
5,2005,Washington Wizards,18.26829268292683,1498,514,0.34299999999999997
6,2005,Toronto Raptors,20.5,1681,648,0.385
7,2005,Denver Nuggets,11.463414634146341,940,320,0.34
8,2005,Orlando Magic,11.170731707317072,916,320,0.349
9,2005,Philadelphia 76ers,17.71951219512195,1453,505,0.348
10,2005,Oklahoma City Thunder,22.24390243902439,1824,666,0.365
11,2005,Golden State Warriors,21.634146341463413,1774,624,0.35200000000000004
12,2005,Los Angeles Lakers,22.109756097560975,1813,644,0.355
13,2005,New York Knicks,15.121951219512194,1240,441,0.35600000000000004
14,2005,Milwaukee Bucks,11.28048780487805,925,325,0.35100000000000003
15,2005,Minnesota Timberwolves,13.963414634146341,1145,395,0.345
16,2005,Cleveland Cavaliers,11.024390243902438,904,300,0.332
17,2005,San Antonio Spurs,17.01219512195122,1395,507,0.363
18,2005,Los Angeles Clippers,8.158536585365853,669,231,0.345
19,2005,Houston Rockets,18.548780487804876,1521,553,0.364
20,2005,Chicago Bulls,17.475609756097562,1433,511,0.35700000000000004
21,2005,Charlotte Hornets,10.74390243902439,881,320,0.363
22,2005,Memphis Grizzlies,18.121951219512194,1486,531,0.35700000000000004
23,2005,Detroit Pistons,12.841463414634147,1053,363,0.345
24,2005,Indiana Pacers,19.20731707317073,1575,542,0.344
25,2005,Utah Jazz,9.292682926829269,762,250,0.32799999999999996
26,2005,Portland Trail Blazers,14.158536585365853,1161,420,0.36200000000000004
27,2005,Atlanta Hawks,11.865853658536585,973,304,0.312
28,2005,Brooklyn Nets,14.670731707317072,1203,435,0.36200000000000004
29,2005,New Orleans Pelicans,16.048780487804876,1316,415,0.315
30,2005,League Average,15.75609756097561,1292,459,0.35600000000000004
0,2006,Phoenix Suns,25.573170731707318,2097,837,0.39899999999999997
1,2006,Oklahoma City Thunder,19.890243902439025,1631,605,0.371
2,2006,Washington Wizards,17.0,1394,497,0.35700000000000004
3,2006,Toronto Raptors,19.75609756097561,1620,608,0.375
4,2006,Denver Nuggets,13.121951219512194,1076,350,0.325
5,2006,Miami Heat,17.573170731707318,1441,497,0.345
6,2006,Philadelphia 76ers,12.573170731707316,1031,375,0.364
7,2006,Los Angeles Lakers,19.304878048780488,1583,552,0.349
8,2006,Dallas Mavericks,13.573170731707316,1113,416,0.374
9,2006,Sacramento Kings,17.170731707317074,1408,494,0.35100000000000003
10,2006,Golden State Warriors,22.341463414634145,1832,625,0.341
11,2006,Boston Celtics,15.731707317073171,1290,467,0.36200000000000004
12,2006,Milwaukee Bucks,16.28048780487805,1335,507,0.38
13,2006,Chicago Bulls,18.01219512195122,1477,560,0.379
14,2006,Cleveland Cavaliers,17.865853658536587,1465,497,0.33899999999999997
15,2006,Atlanta Hawks,14.073170731707316,1154,424,0.36700000000000005
16,2006,Los Angeles Clippers,10.28048780487805,843,290,0.344
17,2006,Charlotte Hornets,15.378048780487806,1261,428,0.33899999999999997
18,2006,Detroit Pistons,17.695121951219512,1451,557,0.384
19,2006,New York Knicks,10.78048780487805,884,320,0.36200000000000004
20,2006,San Antonio Spurs,16.609756097560975,1362,524,0.385
21,2006,Orlando Magic,9.707317073170731,796,299,0.376
22,2006,Indiana Pacers,18.73170731707317,1536,536,0.349
23,2006,Brooklyn Nets,17.646341463414632,1447,477,0.33
24,2006,New Orleans Pelicans,10.792682926829269,885,300,0.33899999999999997
25,2006,Utah Jazz,11.28048780487805,925,311,0.336
26,2006,Memphis Grizzlies,19.24390243902439,1578,590,0.374
27,2006,Minnesota Timberwolves,11.487804878048781,942,310,0.32899999999999996
28,2006,Houston Rockets,17.24390243902439,1414,469,0.332
29,2006,Portland Trail Blazers,12.707317073170731,1042,364,0.349
30,2006,League Average,15.975609756097562,1310,470,0.358
0,2007,Phoenix Suns,23.963414634146343,1965,785,0.39899999999999997
1,2007,Golden State Warriors,23.98780487804878,1967,700,0.35600000000000004
2,2007,Denver Nuggets,17.5609756097561,1440,484,0.336
3,2007,Washington Wizards,19.682926829268293,1614,561,0.348
4,2007,Los Angeles Lakers,21.024390243902438,1724,608,0.353
5,2007,Memphis Grizzlies,16.609756097560975,1362,500,0.36700000000000005
6,2007,Utah Jazz,12.878048780487806,1056,354,0.335
7,2007,Sacramento Kings,18.451219512195124,1513,530,0.35
8,2007,Dallas Mavericks,17.121951219512194,1404,535,0.381
9,2007,Milwaukee Bucks,17.951219512195124,1472,524,0.35600000000000004
10,2007,Toronto Raptors,17.853658536585368,1464,531,0.363
11,2007,Oklahoma City Thunder,17.695121951219512,1451,525,0.36200000000000004
12,2007,Chicago Bulls,15.085365853658537,1237,480,0.38799999999999996
13,2007,San Antonio Spurs,19.036585365853657,1561,595,0.381
14,2007,Brooklyn Nets,20.4390243902439,1676,609,0.363
15,2007,New York Knicks,16.70731707317073,1370,474,0.34600000000000003
16,2007,Houston Rockets,23.085365853658537,1893,705,0.37200000000000005
17,2007,Charlotte Hornets,15.609756097560975,1280,457,0.35700000000000004
18,2007,Cleveland Cavaliers,17.121951219512194,1404,494,0.35200000000000004
19,2007,Minnesota Timberwolves,13.28048780487805,1089,384,0.353
20,2007,Detroit Pistons,15.914634146341463,1305,449,0.344
21,2007,Boston Celtics,15.646341463414634,1283,471,0.36700000000000005
22,2007,Indiana Pacers,16.9390243902439,1389,481,0.34600000000000003
23,2007,Los Angeles Clippers,11.012195121951219,903,314,0.348
24,2007,New Orleans Pelicans,15.317073170731707,1256,455,0.36200000000000004
25,2007,Philadelphia 76ers,10.036585365853659,823,284,0.345
26,2007,Orlando Magic,11.731707317073171,962,342,0.35600000000000004
27,2007,Miami Heat,18.76829268292683,1539,528,0.34299999999999997
28,2007,Portland Trail Blazers,15.024390243902438,1232,426,0.34600000000000003
29,2007,Atlanta Hawks,12.658536585365853,1038,341,0.32899999999999996
30,2007,League Average,16.9390243902439,1389,498,0.358
0,2008,Golden State Warriors,26.646341463414632,2185,761,0.348
1,2008,Denver Nuggets,19.573170731707318,1605,569,0.355
2,2008,Phoenix Suns,21.51219512195122,1764,694,0.39299999999999996
3,2008,Los Angeles Lakers,21.353658536585368,1751,662,0.37799999999999995
4,2008,Utah Jazz,13.353658536585366,1095,407,0.37200000000000005
5,2008,Orlando Magic,25.29268292682927,2074,801,0.386
6,2008,Indiana Pacers,24.646341463414632,2021,755,0.374
7,2008,Sacramento Kings,16.670731707317074,1367,510,0.373
8,2008,New Orleans Pelicans,19.76829268292683,1621,630,0.389
9,2008,Memphis Grizzlies,21.695121951219512,1779,620,0.349
10,2008,Boston Celtics,19.073170731707318,1564,596,0.381
11,2008,Dallas Mavericks,17.109756097560975,1403,494,0.35200000000000004
12,2008,Toronto Raptors,17.79268292682927,1459,572,0.392
13,2008,Washington Wizards,19.682926829268293,1614,575,0.35600000000000004
14,2008,Atlanta Hawks,13.146341463414634,1078,384,0.35600000000000004
15,2008,Detroit Pistons,16.21951219512195,1330,487,0.366
16,2008,Oklahoma City Thunder,11.451219512195122,939,313,0.33299999999999996
17,2008,Chicago Bulls,15.914634146341463,1305,474,0.363
18,2008,Charlotte Hornets,17.597560975609756,1443,529,0.36700000000000005
19,2008,Milwaukee Bucks,16.01219512195122,1313,452,0.344
20,2008,New York Knicks,17.73170731707317,1454,490,0.337
21,2008,Houston Rockets,20.817073170731707,1707,583,0.342
22,2008,Philadelphia 76ers,11.609756097560975,952,302,0.317
23,2008,Cleveland Cavaliers,18.829268292682926,1544,552,0.358
24,2008,Brooklyn Nets,17.4390243902439,1430,498,0.348
25,2008,Minnesota Timberwolves,15.353658536585366,1259,441,0.35
26,2008,San Antonio Spurs,19.634146341463413,1610,594,0.369
27,2008,Portland Trail Blazers,17.390243902439025,1426,538,0.377
28,2008,Los Angeles Clippers,13.158536585365853,1079,350,0.324
29,2008,Miami Heat,16.74390243902439,1373,491,0.358
30,2008,League Average,18.109756097560975,1485,537,0.36200000000000004
0,2009,Phoenix Suns,17.621951219512194,1445,553,0.38299999999999995
1,2009,Golden State Warriors,17.98780487804878,1475,550,0.373
2,2009,Los Angeles Lakers,18.48780487804878,1516,547,0.361
3,2009,New York Knicks,27.853658536585368,2284,823,0.36
4,2009,Indiana Pacers,21.036585365853657,1725,652,0.37799999999999995
5,2009,Denver Nuggets,18.01219512195122,1477,548,0.371
6,2009,Utah Jazz,13.682926829268293,1122,392,0.349
7,2009,Chicago Bulls,15.768292682926829,1293,493,0.381
8,2009,Dallas Mavericks,19.902439024390244,1632,571,0.35
9,2009,Orlando Magic,26.182926829268293,2147,817,0.381
10,2009,Boston Celtics,16.524390243902438,1355,538,0.397
11,2009,Sacramento Kings,19.4390243902439,1594,586,0.368
12,2009,Cleveland Cavaliers,20.365853658536587,1670,656,0.39299999999999996
13,2009,Portland Trail Blazers,18.963414634146343,1555,596,0.38299999999999995
14,2009,Milwaukee Bucks,17.170731707317074,1408,511,0.363
15,2009,Toronto Raptors,15.71951219512195,1289,479,0.37200000000000005
16,2009,Houston Rockets,20.195121951219512,1656,621,0.375
17,2009,Miami Heat,19.890243902439025,1631,582,0.35700000000000004
18,2009,Brooklyn Nets,21.158536585365855,1735,652,0.376
19,2009,Atlanta Hawks,19.914634146341463,1633,597,0.366
20,2009,Minnesota Timberwolves,18.76829268292683,1539,543,0.353
21,2009,Philadelphia 76ers,13.073170731707316,1072,341,0.318
22,2009,Oklahoma City Thunder,11.573170731707316,949,328,0.34600000000000003
23,2009,San Antonio Spurs,19.75609756097561,1620,625,0.386
24,2009,Washington Wizards,14.609756097560975,1198,395,0.33
25,2009,New Orleans Pelicans,18.609756097560975,1526,556,0.364
26,2009,Los Angeles Clippers,18.451219512195124,1513,535,0.354
27,2009,Detroit Pistons,13.158536585365853,1079,377,0.349
28,2009,Memphis Grizzlies,13.487804878048781,1106,398,0.36
29,2009,Charlotte Hornets,16.329268292682926,1339,490,0.366
30,2009,League Average,18.121951219512194,1486,545,0.36700000000000005
0,2010,Phoenix Suns,21.585365853658537,1770,730,0.41200000000000003
1,2010,Golden State Warriors,20.573170731707318,1687,633,0.375
2,2010,Denver Nuggets,18.5,1517,544,0.359
3,2010,Utah Jazz,14.71951219512195,1207,439,0.364
4,2010,Toronto Raptors,17.036585365853657,1397,518,0.371
5,2010,Orlando Magic,27.329268292682926,2241,841,0.375
6,2010,Memphis Grizzlies,12.439024390243903,1020,344,0.337
7,2010,Houston Rockets,22.414634146341463,1838,646,0.35100000000000003
8,2010,Cleveland Cavaliers,19.29268292682927,1582,602,0.381
9,2010,New York Knicks,26.158536585365855,2145,743,0.34600000000000003
10,2010,Dallas Mavericks,18.26829268292683,1498,558,0.37200000000000005
11,2010,Los Angeles Lakers,19.048780487804876,1562,532,0.341
12,2010,Atlanta Hawks,17.74390243902439,1455,524,0.36
13,2010,Oklahoma City Thunder,14.987804878048781,1229,418,0.34
14,2010,San Antonio Spurs,18.865853658536587,1547,554,0.358
15,2010,Indiana Pacers,23.121951219512194,1896,659,0.348
16,2010,New Orleans Pelicans,19.170731707317074,1572,571,0.363
17,2010,Sacramento Kings,16.865853658536587,1383,482,0.349
18,2010,Boston Celtics,17.475609756097562,1433,499,0.348
19,2010,Minnesota Timberwolves,14.402439024390244,1181,403,0.341
20,2010,Portland Trail Blazers,16.926829268292682,1388,491,0.354
21,2010,Philadelphia 76ers,16.841463414634145,1381,474,0.34299999999999997
22,2010,Milwaukee Bucks,22.109756097560975,1813,645,0.35600000000000004
23,2010,Chicago Bulls,13.0,1066,352,0.33
24,2010,Miami Heat,17.390243902439025,1426,494,0.34600000000000003
25,2010,Washington Wizards,14.939024390243903,1225,432,0.353
26,2010,Los Angeles Clippers,17.76829268292683,1457,483,0.332
27,2010,Charlotte Hornets,16.23170731707317,1331,460,0.34600000000000003
28,2010,Detroit Pistons,14.512195121951219,1190,374,0.314
29,2010,Brooklyn Nets,14.451219512195122,1185,377,0.318
30,2010,League Average,18.134146341463413,1487,527,0.355
0,2011,Denver Nuggets,20.78048780487805,1704,662,0.38799999999999996
1,2011,New York Knicks,25.378048780487806,2081,765,0.368
2,2011,Houston Rockets,22.475609756097562,1843,677,0.36700000000000005
3,2011,Phoenix Suns,22.646341463414632,1857,701,0.377
4,2011,Oklahoma City Thunder,17.109756097560975,1403,487,0.34700000000000003
5,2011,San Antonio Spurs,21.0609756097561,1727,685,0.397
6,2011,Golden State Warriors,21.329268292682926,1749,685,0.392
7,2011,Miami Heat,18.036585365853657,1479,547,0.37
8,2011,Los Angeles Lakers,18.134146341463413,1487,524,0.35200000000000004
9,2011,Minnesota Timberwolves,19.085365853658537,1565,589,0.376
10,2011,Dallas Mavericks,21.5609756097561,1768,645,0.365
11,2011,Memphis Grizzlies,11.292682926829269,926,309,0.33399999999999996
12,2011,Indiana Pacers,20.158536585365855,1653,585,0.354
13,2011,Sacramento Kings,15.573170731707316,1277,428,0.335
14,2011,Utah Jazz,15.317073170731707,1256,435,0.34600000000000003
15,2011,Orlando Magic,25.646341463414632,2103,770,0.366
16,2011,Toronto Raptors,13.304878048780488,1091,345,0.316
17,2011,Philadelphia 76ers,15.21951219512195,1248,443,0.355
18,2011,Los Angeles Clippers,18.524390243902438,1519,513,0.33799999999999997
19,2011,Chicago Bulls,17.25609756097561,1415,511,0.361
20,2011,Washington Wizards,14.414634146341463,1182,392,0.332
21,2011,Detroit Pistons,15.317073170731707,1256,472,0.376
22,2011,Boston Celtics,13.646341463414634,1119,408,0.365
23,2011,Portland Trail Blazers,18.329268292682926,1503,518,0.345
24,2011,Cleveland Cavaliers,18.158536585365855,1489,509,0.342
25,2011,Atlanta Hawks,17.402439024390244,1427,502,0.35200000000000004
26,2011,New Orleans Pelicans,15.024390243902438,1232,444,0.36
27,2011,Brooklyn Nets,16.304878048780488,1337,459,0.34299999999999997
28,2011,Charlotte Hornets,14.670731707317072,1203,393,0.327
29,2011,Milwaukee Bucks,17.24390243902439,1414,483,0.342
30,2011,League Average,18.01219512195122,1477,530,0.358
0,2012,Denver Nuggets,19.863636363636363,1311,435,0.332
1,2012,San Antonio Spurs,21.28787878787879,1405,552,0.39299999999999996
2,2012,Oklahoma City Thunder,19.954545454545453,1317,472,0.358
3,2012,Utah Jazz,12.803030303030303,845,273,0.32299999999999995
4,2012,Milwaukee Bucks,19.166666666666668,1265,436,0.345
5,2012,Sacramento Kings,19.71212121212121,1301,411,0.316
6,2012,Miami Heat,15.606060606060606,1030,370,0.359
7,2012,Phoenix Suns,19.62121212121212,1295,444,0.34299999999999997
8,2012,Houston Rockets,20.151515151515152,1330,478,0.359
9,2012,Minnesota Timberwolves,21.560606060606062,1423,473,0.332
10,2012,New York Knicks,23.303030303030305,1538,517,0.336
11,2012,Golden State Warriors,20.46969696969697,1351,524,0.38799999999999996
12,2012,Indiana Pacers,16.12121212121212,1064,392,0.368
13,2012,Los Angeles Clippers,21.833333333333332,1441,514,0.35700000000000004
14,2012,Los Angeles Lakers,16.848484848484848,1112,362,0.326
15,2012,Portland Trail Blazers,20.939393939393938,1382,478,0.34600000000000003
16,2012,Atlanta Hawks,20.151515151515152,1330,492,0.37
17,2012,Chicago Bulls,16.924242424242426,1117,419,0.375
18,2012,Dallas Mavericks,22.181818181818183,1464,497,0.33899999999999997
19,2012,Memphis Grizzlies,12.863636363636363,849,277,0.326
20,2012,Orlando Magic,27.045454545454547,1785,670,0.375
21,2012,Washington Wizards,16.28787878787879,1075,344,0.32
22,2012,Philadelphia 76ers,14.590909090909092,963,349,0.36200000000000004
23,2012,Brooklyn Nets,22.439393939393938,1481,507,0.342
24,2012,Cleveland Cavaliers,19.28787878787879,1273,440,0.34600000000000003
25,2012,Boston Celtics,14.969696969696969,988,363,0.36700000000000005
26,2012,Detroit Pistons,13.878787878787879,916,317,0.34600000000000003
27,2012,Toronto Raptors,16.28787878787879,1075,365,0.34
28,2012,New Orleans Pelicans,11.772727272727273,777,259,0.33299999999999996
29,2012,Charlotte Hornets,13.515151515151516,892,263,0.295
30,2012,League Average,18.37878787878788,1213,423,0.349
0,2013,Denver Nuggets,18.51219512195122,1518,521,0.34299999999999997
1,2013,Houston Rockets,28.890243902439025,2369,867,0.366
2,2013,Oklahoma City Thunder,19.365853658536587,1588,598,0.377
3,2013,San Antonio Spurs,21.51219512195122,1764,663,0.376
4,2013,Miami Heat,22.0609756097561,1809,717,0.396
5,2013,Los Angeles Lakers,24.573170731707318,2015,715,0.355
6,2013,Golden State Warriors,19.902439024390244,1632,658,0.40299999999999997
7,2013,Dallas Mavericks,19.853658536585368,1628,606,0.37200000000000005
8,2013,Los Angeles Clippers,21.365853658536587,1752,627,0.358
9,2013,Sacramento Kings,20.5,1681,610,0.363
10,2013,New York Knicks,28.914634146341463,2371,891,0.376
11,2013,Milwaukee Bucks,20.365853658536587,1670,601,0.36
12,2013,Utah Jazz,16.890243902439025,1385,507,0.366
13,2013,Atlanta Hawks,23.182926829268293,1901,706,0.371
14,2013,Portland Trail Blazers,23.21951219512195,1904,673,0.353
15,2013,Toronto Raptors,20.304878048780488,1665,571,0.34299999999999997
16,2013,Brooklyn Nets,21.463414634146343,1760,628,0.35700000000000004
17,2013,Boston Celtics,17.160493827160494,1390,498,0.358
18,2013,Cleveland Cavaliers,19.28048780487805,1581,547,0.34600000000000003
19,2013,Minnesota Timberwolves,17.98780487804878,1475,450,0.305
20,2013,Phoenix Suns,17.74390243902439,1455,480,0.33
21,2013,Detroit Pistons,17.5609756097561,1440,513,0.35600000000000004
22,2013,Indiana Pacers,19.74074074074074,1599,555,0.34700000000000003
23,2013,New Orleans Pelicans,17.975609756097562,1474,535,0.363
24,2013,Orlando Magic,18.74390243902439,1537,506,0.32899999999999996
25,2013,Charlotte Hornets,17.0609756097561,1399,469,0.335
26,2013,Memphis Grizzlies,13.5,1107,382,0.345
27,2013,Philadelphia 76ers,17.536585365853657,1438,518,0.36
28,2013,Chicago Bulls,15.426829268292684,1265,446,0.353
29,2013,Washington Wizards,18.23170731707317,1495,545,0.365
30,2013,League Average,19.951219512195124,1636,587,0.359
0,2014,Los Angeles Clippers,23.975609756097562,1966,693,0.35200000000000004
1,2014,Houston Rockets,26.573170731707318,2179,779,0.358
2,2014,Minnesota Timberwolves,21.426829268292682,1757,600,0.341
3,2014,Portland Trail Blazers,25.25609756097561,2071,770,0.37200000000000005
4,2014,Oklahoma City Thunder,22.426829268292682,1839,664,0.361
5,2014,San Antonio Spurs,21.426829268292682,1757,698,0.397
6,2014,Phoenix Suns,25.0609756097561,2055,765,0.37200000000000005
7,2014,Dallas Mavericks,22.890243902439025,1877,721,0.384
8,2014,Denver Nuggets,23.890243902439025,1959,702,0.358
9,2014,Golden State Warriors,24.841463414634145,2037,774,0.38
10,2014,Los Angeles Lakers,24.78048780487805,2032,774,0.381
11,2014,Miami Heat,22.304878048780488,1829,665,0.364
12,2014,Toronto Raptors,23.378048780487806,1917,713,0.37200000000000005
13,2014,Atlanta Hawks,25.804878048780488,2116,768,0.363
14,2014,Detroit Pistons,19.26829268292683,1580,507,0.321
15,2014,Washington Wizards,20.78048780487805,1704,647,0.38
16,2014,Sacramento Kings,17.98780487804878,1475,491,0.33299999999999996
17,2014,New Orleans Pelicans,15.890243902439025,1303,486,0.373
18,2014,Philadelphia 76ers,22.524390243902438,1847,577,0.312
19,2014,New York Knicks,24.853658536585368,2038,759,0.37200000000000005
20,2014,Brooklyn Nets,23.4390243902439,1922,709,0.369
21,2014,Cleveland Cavaliers,20.0,1640,584,0.35600000000000004
22,2014,Charlotte Hornets,17.9390243902439,1471,516,0.35100000000000003
23,2014,Indiana Pacers,18.804878048780488,1542,550,0.35700000000000004
24,2014,Orlando Magic,19.463414634146343,1596,563,0.353
25,2014,Boston Celtics,21.085365853658537,1729,575,0.33299999999999996
26,2014,Memphis Grizzlies,13.987804878048781,1147,405,0.353
27,2014,Milwaukee Bucks,18.9390243902439,1553,548,0.353
28,2014,Utah Jazz,19.23170731707317,1577,543,0.344
29,2014,Chicago Bulls,17.79268292682927,1459,508,0.348
30,2014,League Average,21.536585365853657,1766,635,0.36
0,2015,Golden State Warriors,27.036585365853657,2217,883,0.39799999999999996
1,2015,Los Angeles Clippers,26.853658536585368,2202,827,0.376
2,2015,Dallas Mavericks,25.390243902439025,2082,732,0.35200000000000004
3,2015,Oklahoma City Thunder,22.73170731707317,1864,632,0.33899999999999997
4,2015,Toronto Raptors,25.121951219512194,2060,726,0.35200000000000004
5,2015,Houston Rockets,32.68292682926829,2680,933,0.348
6,2015,San Antonio Spurs,22.524390243902438,1847,677,0.36700000000000005
7,2015,Cleveland Cavaliers,27.475609756097562,2253,826,0.36700000000000005
8,2015,Portland Trail Blazers,27.20731707317073,2231,807,0.36200000000000004
9,2015,Atlanta Hawks,26.24390243902439,2152,818,0.38
10,2015,Phoenix Suns,24.975609756097562,2048,698,0.341
11,2015,Denver Nuggets,24.78048780487805,2032,660,0.325
12,2015,Boston Celtics,24.646341463414632,2021,660,0.327
13,2015,Sacramento Kings,16.463414634146343,1350,461,0.341
14,2015,Chicago Bulls,22.25609756097561,1825,645,0.353
15,2015,New Orleans Pelicans,19.304878048780488,1583,586,0.37
16,2015,Los Angeles Lakers,18.853658536585368,1546,532,0.344
17,2015,Washington Wizards,16.841463414634145,1381,497,0.36
18,2015,Detroit Pistons,24.914634146341463,2043,703,0.344
19,2015,Memphis Grizzlies,15.195121951219512,1246,423,0.33899999999999997
20,2015,Brooklyn Nets,19.914634146341463,1633,541,0.331
21,2015,Milwaukee Bucks,18.29268292682927,1500,545,0.363
22,2015,Minnesota Timberwolves,14.914634146341463,1223,406,0.332
23,2015,Indiana Pacers,21.21951219512195,1740,612,0.35200000000000004
24,2015,Orlando Magic,19.48780487804878,1598,554,0.34700000000000003
25,2015,Utah Jazz,21.71951219512195,1781,610,0.34299999999999997
26,2015,Miami Heat,20.23170731707317,1659,556,0.335
27,2015,Charlotte Hornets,19.097560975609756,1566,498,0.318
28,2015,Philadelphia 76ers,26.341463414634145,2160,692,0.32
29,2015,New York Knicks,19.682926829268293,1614,560,0.34700000000000003
30,2015,League Average,22.414634146341463,1838,643,0.35
0,2016,Golden State Warriors,31.08695652173913,715,313,0.43799999999999994
1,2016,Oklahoma City Thunder,22.272727272727273,490,180,0.36700000000000005
2,2016,Phoenix Suns,26.130434782608695,601,231,0.384
3,2016,Sacramento Kings,22.833333333333332,548,199,0.363
4,2016,Indiana Pacers,24.35,487,196,0.402
5,2016,Houston Rockets,31.043478260869566,714,236,0.331
6,2016,Boston Celtics,28.045454545454547,617,203,0.32899999999999996
7,2016,Los Angeles Clippers,23.391304347826086,538,181,0.336
8,2016,Charlotte Hornets,27.238095238095237,572,201,0.35100000000000003
9,2016,Minnesota Timberwolves,16.571428571428573,348,115,0.33
10,2016,New Orleans Pelicans,25.19047619047619,529,180,0.34
11,2016,Cleveland Cavaliers,27.904761904761905,586,208,0.355
12,2016,Portland Trail Blazers,26.91304347826087,619,222,0.359
13,2016,Dallas Mavericks,26.82608695652174,617,198,0.321
14,2016,Orlando Magic,23.045454545454547,507,176,0.34700000000000003
15,2016,Atlanta Hawks,26.458333333333332,635,223,0.35100000000000003
16,2016,Washington Wizards,24.4,488,166,0.34
17,2016,Toronto Raptors,21.82608695652174,502,178,0.355
18,2016,San Antonio Spurs,19.08695652173913,439,158,0.36
19,2016,Utah Jazz,21.2,424,157,0.37
20,2016,Chicago Bulls,22.05,441,161,0.365
21,2016,Detroit Pistons,26.17391304347826,602,190,0.316
22,2016,Los Angeles Lakers,25.181818181818183,554,179,0.32299999999999995
23,2016,New York Knicks,22.583333333333332,542,181,0.33399999999999996
24,2016,Brooklyn Nets,15.727272727272727,346,106,0.306
25,2016,Denver Nuggets,23.181818181818183,510,170,0.33299999999999996
26,2016,Miami Heat,19.15,383,120,0.313
27,2016,Memphis Grizzlies,17.217391304347824,396,120,0.303
28,2016,Milwaukee Bucks,18.130434782608695,417,148,0.355
29,2016,Philadelphia 76ers,26.91304347826087,619,196,0.317
30,2016,League Average,23.90909090909091,526,183,0.348
